word,regional
aided,N
limited,N
kickstart,N
sauasag,N
mackerel,N
peyrassol,N
gateshead,N
monte,N
yellow,N
factory,N
four,N
facilities,N
lauriston,N
clotted,N
asian,N
chico,N
cringleford,N
appetite,N
captain,N
integrity,N
chili,N
whose,N
aug,N
nouget,N
punjab,N
swan,N
frank,N
containing,N
tickle,N
pancetta,N
buddi,N
under,N
regal,N
burgerwith,N
sorry,N
pride,N
worth,N
merchant,N
updated,N
ale,N
lemondade,N
risk,N
casal,N
chinotto,N
dioxide,N
broighter,N
manic,N
mania,N
every,N
jack,N
sulphit,N
kick,N
swalwell,N
kilkeel,N
bringing,N
excited,N
chapel,N
founded,N
school,N
baking,N
nottingham,N
harport,N
wednesday,N
integrated,N
gaelic,N
greenish,N
delightfully,N
harriet,N
stating,N
vincenzo,N
fritter,N
enjoy,N
farmhouse,N
bradfordwho,N
specially,N
gleaming,N
speci,N
lipsmacking,N
almond,N
bacon,N
japanese,N
complement,N
campagnola,N
chef,N
surrounding,N
second,N
street,N
mazaedar,N
colourful,N
soave,N
phoned,N
blue,N
established,N
mascarpone,N
seekh,N
cooking,N
supplied,N
pmfri,N
reason,N
dupiaza,N
above,N
sheffield,N
supplier,N
new,N
zesty,N
ever,N
consisting,N
pressed,N
med,N
sugo,N
giardenara,N
jarrow,N
herb,N
never,N
wrapping,N
here,N
hundreds,N
specialise,N
beck,N
protection,N
china,N
margaret,N
textured,N
mozzarella,N
smokie,N
dry,N
coventry,N
balance,N
norway,N
syrah,N
smoky,N
accessible,N
mailng,N
credit,N
caprisosa,N
browsing,N
somosa,N
napoletana,N
chateau,N
suitable,N
tweet,N
bloomer,N
golden,N
fantastic,N
kethcup,N
secure,N
verdura,N
longforgan,N
straw,N
xlarge,N
julia,N
highly,N
sliced,N
middlesbrough,N
psomaki,N
sparkling,N
soybean,N
stand,N
total,N
unit,N
sarah,N
phil,N
would,N
browse,N
watering,N
blueberri,N
shortbread,N
program,N
call,N
therefore,N
recommend,N
kabano,N
indiana,N
type,N
until,N
preserved,N
separated,N
mush,N
moir,N
ltr,N
successful,N
giovanni,N
traceable,N
croquette,N
yahoo,N
award,N
aware,N
melba,N
phone,N
warm,N
frenzy,N
adult,N
excellent,N
striving,N
tweed,N
must,N
shoot,N
flora,N
join,N
room,N
potted,N
work,N
spec,N
sweeter,N
bramley,N
spong,N
sizzler,N
root,N
example,N
pastiesaveloysausage,N
vodka,N
omelett,N
keburger,N
fresher,N
dolphin,N
micky,N
honey,N
beansprout,N
caution,N
want,N
cantonese,N
appointment,N
drive,N
anything,N
deserved,N
cacciatora,N
beansprouy,N
guarantee,N
pardasi,N
polio,N
straightforward,N
hannahstown,N
swansea,N
provide,N
prompt,N
friery,N
praline,N
decante,N
hoi,N
nazma,N
how,N
hot,N
enquire,N
enu,N
hop,N
answer,N
yum,N
fudge,N
ribeena,N
pizza,N
lam,N
faq,N
description,N
tennent,N
mess,N
after,N
loyalty,N
lab,N
arrapiata,N
gum,N
alwayvnice,N
sparkler,N
salsa,N
beaute,N
delicaci,N
ilkley,N
ewing,N
chilled,N
retail,N
chandos,N
third,N
brushchetta,N
birchington,N
appreciate,N
fungi,N
exclud,N
greek,N
complexity,N
interior,N
green,N
ultimate,N
enter,N
chandon,N
tantalizing,N
predominate,N
wing,N
wine,N
origin,N
fife,N
feedback,N
office,N
welcomed,N
muffin,N
over,N
friary,N
vary,N
popadom,N
krombacher,N
limoncetta,N
helena,N
london,N
oven,N
responsive,N
marwood,N
doncaster,N
exchange,N
before,N
cante,N
vento,N
fit,N
savori,N
michele,N
avocado,N
expectations,N
chapatis,N
approve,N
better,N
complex,N
decaffeinated,N
croquet,N
carton,N
admirable,N
savour,N
proscco,N
belly,N
then,N
them,N
hawthorn,N
combination,N
lambert,N
municipality,N
safe,N
hashbrown,N
break,N
band,N
covercaf,N
they,N
jolliffe,N
glazed,N
one,N
silver,N
bank,N
bread,N
choic,N
botanic,N
adana,N
alex,N
meat,N
thyme,N
karahi,N
veneger,N
reasonably,N
crunchy,N
langoustine,N
antrim,N
toffe,N
filling,N
panini,N
anastasia,N
victory,N
roast,N
each,N
volcano,N
went,N
european,N
rosemary,N
side,N
bone,N
mean,N
lifted,N
sasuage,N
diggidy,N
laboratori,N
affogato,N
diane,N
prawn,N
bowls,N
waffle,N
carry,N
turnip,N
savaloy,N
hosted,N
kohenoor,N
whit,N
beefburger,N
extract,N
saturday,N
fatty,N
goo,N
chap,N
driving,N
trentham,N
god,N
chelsey,N
crucial,N
rodeo,N
horsforth,N
tomorrow,N
content,N
sml,N
hebburn,N
debit,N
heavenly,N
surprise,N
palak,N
gairloch,N
gamberetti,N
sma,N
courgette,N
foundation,N
clarence,N
harry,N
free,N
standard,N
ramos,N
poppy,N
wanted,N
grapey,N
uncooked,N
certified,N
greasy,N
carbohydrate,N
lothian,N
created,N
itsabigcatch,N
viognier,N
korma,N
raisin,N
harrogate,N
carlo,N
ish,N
speedy,N
isn,N
soda,N
onto,N
bite,N
gloucester,N
chopped,N
lively,N
malbec,N
already,N
tilapia,N
shopper,N
chew,N
grade,N
wasp,N
fishwith,N
veggie,N
hearing,N
lettuce,N
tzatziki,N
venezie,N
messag,N
delicious,N
sandgate,N
thick,N
loaded,N
elderflower,N
sourc,N
toy,N
ten,N
service,N
spinach,N
guinness,N
gooseberry,N
top,N
zinfandel,N
tango,N
blackberry,N
brgr,N
kinder,N
dulse,N
ton,N
too,N
tom,N
tangy,N
john,N
bitter,N
gabriel,N
flamethrower,N
listen,N
kiwi,N
nibbl,N
licious,N
collapse,N
signup,N
maltesers,N
serve,N
took,N
stewartstown,N
direct,N
technique,N
lowes,N
western,N
somewhat,N
hazelnut,N
dimasoft,N
sulphur,N
younger,N
brushed,N
langoustin,N
character,N
tex,N
trek,N
haddockhussplaicecodskatescampiroefishcake,N
qualityfish,N
elegant,N
hike,N
bindi,N
enabled,N
rate,N
medley,N
final,N
preparation,N
matter,N
didn,N
fabulous,N
flame,N
lingering,N
iron,N
minut,N
feeling,N
perilla,N
supplement,N
mini,N
beastly,N
sorrento,N
nutrition,N
quench,N
boston,N
modern,N
mind,N
mine,N
ginger,N
seed,N
manner,N
lunchtime,N
hotdog,N
seen,N
discretionary,N
mint,N
relatively,N
allergenic,N
traditionally,N
genuine,N
rizza,N
ypu,N
harper,N
maxs,N
responsible,N
corbie,N
bengal,N
zest,N
shallot,N
recommended,N
edge,N
luxury,N
wedchoose,N
responsibly,N
bbbq,N
magnum,N
hollandaise,N
davidson,N
pupled,N
even,N
gravy,N
casual,N
though,N
siciliana,N
mother,N
sue,N
mashed,N
victoria,N
landmark,N
regular,N
mouth,N
frydal,N
plenty,N
harmonious,N
puttanesca,N
marie,N
subtotal,N
nachos,N
grave,N
angelano,N
promotions,N
wispa,N
don,N
observation,N
coppa,N
dom,N
grove,N
mushy,N
punjabi,N
pmall,N
dog,N
timekeeping,N
curie,N
definitely,N
tech,N
pineapple,N
suitability,N
reserva,N
mailing,N
section,N
molluscs,N
reserve,N
steakette,N
selected,N
bomb,N
hunger,N
his,N
visitor,N
achaar,N
queen,N
sage,N
anniversary,N
goujon,N
sui,N
eal,N
blackberri,N
trimmings,N
subtle,N
arrive,N
availability,N
hendrick,N
caper,N
absolut,N
copy,N
layout,N
cumberland,N
louise,N
menu,N
tamarind,N
folded,N
ocd,N
refreshment,N
sugar,N
celery,N
belfastbt,N
deepest,N
rich,N
announce,N
chipotle,N
rice,N
oct,N
morton,N
plate,N
cappuccino,N
cardamom,N
mogo,N
wkd,N
stop,N
preferred,N
appetizer,N
pocket,N
joven,N
despite,N
report,N
frying,N
relish,N
comply,N
gluton,N
earl,N
hall,N
rissole,N
snd,N
bar,N
bradford,N
bap,N
marque,N
ravenswood,N
ebbw,N
scotia,N
vedura,N
dipping,N
cuillin,N
licking,N
bay,N
sauc,N
bag,N
bad,N
softly,N
multitude,N
scrumptious,N
grilled,N
telephoning,N
steak,N
steam,N
february,N
fragrant,N
fair,N
beaten,N
bef,N
nut,N
lemonade,N
integer,N
technology,N
mariners,N
pinot,N
fajta,N
result,N
fragranc,N
clem,N
meet,N
taiwan,N
best,N
subject,N
pete,N
goujonscod,N
said,N
vegie,N
temptation,N
away,N
sweden,N
artificial,N
benshaw,N
grandmother,N
figur,N
unable,N
finger,N
hopefully,N
yogurt,N
pirata,N
timber,N
machu,N
glasgow,N
warrior,N
cajun,N
omg,N
fingerswith,N
nationwide,N
springroll,N
she,N
falmouth,N
happyhillock,N
however,N
camomile,N
loading,N
aquarium,N
contamination,N
dedication,N
news,N
shelfish,N
stockport,N
improve,N
summerfruit,N
received,N
climate,N
mariner,N
swanton,N
marnier,N
coy,N
country,N
pollokshaw,N
contian,N
jelly,N
against,N
hummus,N
glenmorangie,N
cod,N
faces,N
pita,N
login,N
calzon,N
freshest,N
con,N
pre,N
melograno,N
exemplary,N
spear,N
disagree,N
had,N
scorcher,N
loader,N
hygiene,N
massive,N
non,N
blending,N
tony,N
grigio,N
cakepea,N
speak,N
wedg,N
pontypool,N
cliquot,N
tint,N
shoreham,N
beef,N
basis,N
tizer,N
fri,N
steakett,N
three,N
been,N
raitha,N
westgate,N
beer,N
much,N
refurbished,N
sauburger,N
basic,N
basil,N
curried,N
fry,N
lovely,N
tallest,N
preston,N
actity,N
buttys,N
website,N
obtained,N
life,N
premier,N
donski,N
sprite,N
mushroom,N
eastern,N
caterina,N
chkn,N
birkhill,N
chipped,N
catering,N
athena,N
bardsley,N
craft,N
chile,N
child,N
catch,N
worked,N
chill,N
remy,N
scotsman,N
save,N
woodside,N
sounded,N
twenty,N
kingfisher,N
fryar,N
servic,N
cracker,N
strict,N
kentucky,N
peshwari,N
aim,N
calcium,N
near,N
melted,N
miniature,N
fragolini,N
torturers,N
delle,N
kidz,N
della,N
breaky,N
seven,N
cane,N
suppersteakette,N
hunan,N
mexico,N
dumplings,N
garam,N
mouss,N
torpoint,N
lollypop,N
burslem,N
keba,N
brewed,N
cant,N
australia,N
cone,N
exterior,N
alsohake,N
cerasuolo,N
shami,N
trusted,N
grown,N
hong,N
souvalakis,N
prior,N
make,N
jerry,N
clearly,N
beside,N
bottled,N
caffe,N
split,N
partha,N
vegetable,N
chipper,N
toasted,N
yung,N
wheel,N
elli,N
boiled,N
tripadvisor,N
welsh,N
heavily,N
pick,N
phall,N
hand,N
delight,N
norwegian,N
garlic,N
warden,N
characters,N
supper,N
tuna,N
opportunity,N
curd,N
kid,N
butter,N
wasn,N
kept,N
lucas,N
charlie,N
thu,N
youre,N
neptune,N
domgarten,N
ocean,N
udon,N
efficient,N
charity,N
contact,N
mamma,N
roma,N
telephone,N
the,N
smoked,N
katlama,N
bhuna,N
left,N
seasonal,N
peezy,N
brick,N
achari,N
departed,N
just,N
bensham,N
photo,N
laptop,N
fenugreek,N
cumbria,N
birmingham,N
spread,N
chickenwings,N
clarkston,N
yet,N
languag,N
previous,N
adding,N
khorasan,N
belfast,N
ham,N
got,N
lilt,N
cherry,N
ease,N
royal,N
balfield,N
countrys,N
prestonpan,N
cognac,N
collections,N
board,N
easy,N
cherri,N
whatsapp,N
has,N
varying,N
opt,N
aubergine,N
romano,N
boxed,N
wallsend,N
measur,N
mayo,N
sussex,N
dewhurst,N
possible,N
possibly,N
fusion,N
halloumi,N
kalamari,N
background,N
newcastle,N
alderman,N
margherita,N
unique,N
apart,N
county,N
getextra,N
gift,N
cooler,N
seaside,N
orlando,N
vip,N
macie,N
theyre,N
specific,N
officer,N
meringue,N
night,N
shawarma,N
lorne,N
sping,N
huna,N
jean,N
www,N
right,N
old,N
creek,N
deal,N
people,N
underbelly,N
icecream,N
proudly,N
tastebud,N
dead,N
sponge,N
prima,N
caledonian,N
skinned,N
dew,N
pancho,N
specialities,N
multiple,N
jalapino,N
chasni,N
doorstep,N
masaledar,N
massala,N
okra,N
for,N
eel,N
stronger,N
moisture,N
normal,N
ice,N
everything,N
beechdean,N
peel,N
foo,N
booking,N
donna,N
core,N
tartar,N
annan,N
posh,N
dolci,N
marketing,N
corn,N
burn,N
illustration,N
seafish,N
discount,N
substituted,N
buffet,N
franciacorta,N
vitazade,N
post,N
rotherham,N
super,N
bamboo,N
garnished,N
takes,N
breaded,N
oreo,N
obj,N
bobbersmill,N
inedible,N
cowboy,N
plum,N
curri,N
loafie,N
rezala,N
sidoli,N
dinner,N
ardoyne,N
plus,N
porelli,N
tannic,N
shared,N
tannin,N
cadbury,N
slightly,N
automatically,N
flatbread,N
mixture,N
farrell,N
unsalted,N
griddled,N
burgerbubble,N
float,N
sol,N
chutney,N
two,N
down,N
loin,N
finely,N
inclusive,N
coastal,N
chippie,N
balanced,N
refined,N
blogreel,N
often,N
east,N
pilsner,N
expired,N
support,N
cuisin,N
cantilevered,N
why,N
avail,N
accordingly,N
groundnut,N
wordpress,N
way,N
kumala,N
chargrilled,N
gin,N
was,N
happy,N
fork,N
intolerance,N
head,N
medium,N
appletizer,N
rumney,N
offering,N
offer,N
crown,N
indiano,N
artichoke,N
ford,N
marinara,N
berg,N
verde,N
hear,N
bengali,N
peperoni,N
beech,N
sustained,N
tasmania,N
sundri,N
tinto,N
reset,N
grecanico,N
flavour,N
inside,N
bargain,N
porky,N
blueberry,N
____________,N
whiskey,N
plymouth,N
economic,N
adore,N
sapphire,N
gyro,N
supa,N
zodiac,N
daddy,N
average,N
feet,N
tonne,N
trio,N
featur,N
flavoursome,N
zeno,N
classic,N
milano,N
tonno,N
basilico,N
muscular,N
sticky,N
wonderland,N
hame,N
expertise,N
cwmbran,N
fashioned,N
kho,N
ship,N
chablis,N
beefburgerbeefburger,N
check,N
supporters,N
marinated,N
baguette,N
clasic,N
dying,N
montepulciano,N
roly,N
pale,N
sauvignon,N
tip,N
dowling,N
topped,N
globally,N
tin,N
drnk,N
oloroso,N
adventure,N
jone,N
southchurch,N
smell,N
roll,N
arrabiatta,N
reggae,N
berrsagliera,N
intend,N
practice,N
incl,N
polony,N
welcome,N
asterisk,N
polite,N
diet,N
pistachio,N
button,N
walton,N
eden@virgin,N
maureen,N
miranda,N
stoke,N
pizzas,N
omega,N
hygienic,N
fsa,N
dulce,N
allright,N
glass,N
assume,N
babyccinno,N
fantis,N
bottom,N
lumma,N
guiseley,N
daily,N
jacket,N
loyal,N
miravigna,N
brew,N
time,N
push,N
pecan,N
inc,N
elegantnot,N
become,N
managed,N
pizzaucoventry,N
chain,N
switched,N
firecracker,N
global,N
alternatives,N
sally,N
laura,N
crocodile,N
mild,N
padrino,N
skin,N
leche,N
apollo,N
milk,N
dbl,N
poori,N
chargilled,N
certainly,N
grape,N
kingfishernq,N
zone,N
donner,N
producing,N
calorie,N
leicester,N
father,N
veg,N
wholetail,N
rubicon,N
melon,N
chequ,N
hillhead,N
lemongrass,N
winemaking,N
henderson,N
brown,N
innis,N
smartphone,N
federation,N
lrg,N
yeast,N
zinfendel,N
grilling,N
brownie,N
choice,N
advised,N
cook,N
word,N
trouble,N
cheeese,N
exact,N
minute,N
cool,N
dil,N
dim,N
gratuiti,N
impressive,N
level,N
did,N
forno,N
hawaii,N
cloudy,N
leave,N
item,N
gosforth,N
fishcotheque,N
mirchi,N
magner,N
team,N
cooki,N
skewer,N
guy,N
dip,N
round,N
farrel,N
seaweed,N
trawler,N
scaollp,N
pork,N
heinz,N
says,N
villa,N
creatur,N
seasoning,N
rouge,N
discover,N
sign,N
cost,N
crescent,N
biscuity,N
recycle,N
trent,N
eating,N
shandy,N
port,N
cosy,N
enticing,N
ladleful,N
tartare,N
croft,N
church,N
cleanliness,N
stottie,N
menthol,N
rocher,N
encrusted,N
jambalaya,N
fillet,N
current,N
pmmon,N
colombe,N
nine,N
filled,N
erved,N
supporting,N
whitehill,N
explosion,N
install,N
fibre,N
nuanc,N
peeled,N
ouch,N
french,N
understanding,N
water,N
slow,N
carpicciosa,N
address,N
alone,N
noir,N
along,N
appears,N
change,N
wait,N
box,N
boy,N
neville,N
ceylonese,N
stormy,N
flamer,N
healthy,N
carmen,N
mumbai,N
wherever,N
alta,N
scramble,N
queue,N
flamed,N
crumbled,N
cinnamon,N
suggestion,N
bengisu,N
ancient,N
bob,N
navigation,N
fishminster,N
bordino,N
ourselv,N
parmo,N
emerge,N
passanda,N
love,N
kebab,N
extra,N
robs,N
pony,N
prefer,N
shark,N
parma,N
italiano,N
durham,N
licensing,N
verge,N
takeway,N
criterian,N
rarely,N
mobil,N
peep,N
market,N
tyskie,N
angelo,N
mamonie,N
working,N
mexcian,N
peri,N
scan,N
visit,N
jal,N
pathia,N
taramasalata,N
creamy,N
live,N
jam,N
niblet,N
iphone,N
wondering,N
criteria,N
yoghurt,N
msc,N
today,N
ayr,N
macalpine,N
son,N
houmous,N
club,N
greenhill,N
fishfinger,N
babycorn,N
chocolate,N
downtown,N
hawabi,N
mansfield,N
afc,N
olive,N
slither,N
effort,N
malai,N
spearmint,N
canadian,N
speckled,N
wudgey,N
wouldnt,N
ringsbean,N
pushed,N
car,N
teatime,N
classico,N
judg,N
modified,N
vito,N
luigi,N
decker,N
soup,N
diverse,N
sour,N
can,N
vege,N
following,N
making,N
meatball,N
vegi,N
pickle,N
ribs,N
claim,N
crazy,N
favourit,N
dinnergo,N
stream,N
mayonaise,N
amarena,N
december,N
chip,N
sample,N
matzo,N
gabby,N
battered,N
council,N
allowed,N
beverley,N
spa,N
garlick,N
cottingley,N
sweetie,N
pink,N
litre,N
requirements,N
savelloy,N
buttered,N
secured,N
limonata,N
sundae,N
write,N
till,N
sunday,N
vital,N
cardinal,N
pure,N
tile,N
ensure,N
puri,N
absolute,N
plummy,N
redcurrant,N
rayo,N
map,N
product,N
mar,N
cocktail,N
huge,N
may,N
max,N
slush,N
southern,N
substitute,N
latte,N
sustainability,N
mac,N
produce,N
designed,N
date,N
such,N
data,N
grow,N
man,N
pjs,N
collaborate,N
poseidon,N
natural,N
remember,N
liquid,N
whenever,N
curry,N
hilltop,N
bedworth,N
exterminator,N
giardino,N
corona,N
switch,N
mango,N
combin,N
azzurro,N
gerard,N
basket,N
tahini,N
pulled,N
typical,N
refund,N
exclusive,N
approx,N
serving,N
hotshot,N
kevin,N
rollo,N
displayed,N
kong,N
course,N
chickpea,N
buttie,N
nee,N
shake,N
cold,N
still,N
cola,N
trifle,N
recognizes,N
sprinkl,N
texan,N
group,N
thank,N
polici,N
interesting,N
jim,N
amazing,N
attraction,N
window,N
orangeade,N
munchie,N
jalapenpo,N
farmer,N
policy,N
mail,N
main,N
samosas,N
texas,N
vella,N
tonic,N
chalk,N
tropicana,N
halv,N
killer,N
nation,N
lunch,N
tempranillo,N
darren,N
hale,N
moist,N
shadow,N
half,N
not,N
seared,N
nov,N
now,N
delecious,N
ketchup,N
josh,N
wont,N
commuters,N
term,N
name,N
abigthanksto,N
january,N
albarino,N
drop,N
oliv,N
formaggi,N
benson,N
establishing,N
legume,N
fisherman,N
donated,N
pangus,N
quarter,N
strathbungo,N
individually,N
nick,N
square,N
retrieve,N
fired,N
bursting,N
saltaire,N
pucka,N
beloved,N
jerrys,N
goose,N
wrap,N
sponsor,N
year,N
happen,N
morning,N
amaretti,N
neighbourhood,N
carlisle,N
album,N
living,N
shown,N
container,N
opened,N
cobs,N
blt,N
reared,N
napolitana,N
thirst,N
gougon,N
looking,N
wholewheat,N
seriously,N
rooster,N
pint,N
kent,N
dutch,N
pizzeria,N
monkfish,N
correct,N
bari,N
aed,N
romana,N
earlier,N
vegetariano,N
monster,N
tempura,N
hull,N
vegetariana,N
incentives,N
jaipuri,N
cart,N
quite,N
marini,N
oasis,N
pmthu,N
california,N
besides,N
powerade,N
passionfruit,N
marine,N
card,N
care,N
advance,N
training,N
cipolla,N
resource,N
pimms,N
tasting,N
punk,N
british,N
replacement,N
ryan,N
thing,N
funky,N
place,N
pepperoni,N
amazingly,N
delicatley,N
promotion,N
fingerwich,N
childhood,N
frequent,N
first,N
exotic,N
cheese,N
constantly,N
hulme,N
americana,N
americano,N
budweiser,N
bali,N
nutritional,N
beverag,N
rounded,N
yourself,N
benedict,N
rekorderlig,N
glen,N
scollop,N
localstorage,N
long,N
directly,N
spanish,N
uncle,N
ring,N
castleford,N
open,N
cheesy,N
size,N
sheep,N
city,N
little,N
ian,N
bettys,N
popsie,N
caught,N
nigella,N
withmonterey,N
plastic,N
anyone,N
gennaro,N
cooling,N
tell,N
stuffed,N
bounty,N
masala,N
white,N
sheek,N
sauceand,N
filter,N
friend,N
linfield,N
exploring,N
siciliano,N
alfreton,N
sebastopol,N
spiral,N
starfish,N
that,N
preservatives,N
season,N
memo,N
continuous,N
vermicelli,N
cornwall,N
salvator,N
simmered,N
redland,N
thai,N
fryday,N
representing,N
than,N
specify,N
serv,N
wide,N
midland,N
iceberg,N
unfortunately,N
breadstick,N
gobi,N
require,N
handmade,N
transferred,N
anniesland,N
rioja,N
future,N
magnesium,N
venture,N
were,N
accessed,N
sophie,N
server,N
wandering,N
fruity,N
chippylicious,N
browser,N
and,N
coconut,N
illness,N
surname,N
san,N
angel,N
shippos,N
sumptuous,N
slaw,N
ann,N
turned,N
locations,N
dash,N
say,N
vseven,N
tidy,N
pastry,N
wentloog,N
tastey,N
breakfast,N
arrabbiata,N
any,N
marathon,N
sat,N
goat,N
form,N
callback,N
unoaked,N
snowy,N
imagined,N
tetley,N
note,N
dining,N
ideal,N
take,N
online,N
bailey,N
chiller,N
opss,N
spritz,N
registered,N
revolving,N
butterfly,N
closer,N
topping,N
sure,N
nfff,N
norman,N
trace,N
opposite,N
salmone,N
cheesecake,N
price,N
dopiaza,N
paid,N
whizz,N
rosamara,N
donation,N
net,N
chipsteak,N
pooris,N
grolsch,N
slimline,N
cps,N
icon,N
sauteed,N
sutton,N
cuban,N
especially,N
dragonfly,N
notifications,N
considered,N
dream,N
seafood,N
proud,N
hungry,N
order,N
fishwich,N
cakehaagen,N
powerfully,N
sunset,N
jumped,N
atlantic,N
senior,N
turnover,N
salt,N
quantity,N
shop,N
rating,N
carasau,N
heap,N
liking,N
show,N
cheat,N
londonderry,N
recipe,N
mince,N
corned,N
goal,N
salsiccia,N
bright,N
aranciata,N
btr,N
faster,N
pleassantly,N
hornig,N
corner,N
sponsorship,N
calamari,N
cheeseburgers,N
ground,N
nethershire,N
tiddler,N
snack,N
sprout,N
whitehawk,N
nectarine,N
title,N
starbeck,N
dick,N
cheeseburger,N
outside,N
texture,N
only,N
going,N
black,N
cheesesalad,N
fanta,N
daal,N
fort,N
neath,N
toffee,N
correctly,N
get,N
mission,N
savouri,N
muirhead,N
truly,N
woodburn,N
mandarin,N
padano,N
cannot,N
negative,N
lighter,N
seasiders,N
vive,N
torpedo,N
gem,N
secondary,N
prime,N
eton,N
skewered,N
piri,N
settings,N
thinly,N
malaysian,N
cumin,N
email,N
naked,N
taittinger,N
mattia,N
gammon,N
dough,N
tortilla,N
where,N
husband,N
ripeness,N
affordable,N
nentara,N
capriciosa,N
maximum,N
bursa,N
foul,N
sean,N
parking,N
stanley,N
heavy,N
grissini,N
gouj,N
hadock,N
nottinghamshire,N
gourmetburger,N
honestly,N
harvey,N
review,N
ain,N
glaze,N
label,N
streaky,N
older,N
enough,N
chewy,N
skyscraper,N
between,N
herbal,N
pest,N
lashings,N
achar,N
across,N
whipped,N
edamame,N
arrival,N
commanderie,N
notice,N
august,N
mirch,N
screen,N
mouthwatering,N
fyne,N
jacobs,N
punto,N
guitar,N
spare,N
shahi,N
amore,N
thrilling,N
tub,N
moortown,N
come,N
tue,N
reaction,N
sala,N
fournation,N
superstar,N
berri,N
tuck,N
many,N
region,N
cornflake,N
according,N
licensor,N
sicilia,N
tour,N
tout,N
berry,N
chorizo,N
railway,N
comes,N
joe,N
among,N
buttercup,N
twix,N
necessary,N
cancer,N
mamoni,N
effective,N
pot,N
period,N
pop,N
supperette,N
maintained,N
naughty,N
polo,N
rissol,N
boat,N
poa,N
turkey,N
peng,N
aiming,N
barrs,N
withgrana,N
camembert,N
west,N
locally,N
mark,N
tropical,N
defined,N
matured,N
combined,N
delay,N
teddi,N
yeasty,N
worcestershire,N
fishcity,N
wants,N
veggi,N
enable,N
shopping,N
confectionary,N
iwantfed,N
offered,N
aero,N
squash,N
cubed,N
tiger,N
novita,N
lochend,N
quatro,N
crumble,N
ruby,N
those,N
skyliner,N
sound,N
apologised,N
myself,N
crumb,N
crostone,N
penryn,N
developing,N
these,N
might,N
cash,N
cask,N
bufala,N
gong,N
lucazade,N
vegeterian,N
coca,N
pollo,N
cancelled,N
longford,N
tonja,N
pleasurable,N
vecher,N
steakburgers,N
thatll,N
alcoholic,N
campango,N
coffee,N
worri,N
monk,N
middle,N
pollock,N
evening,N
baingon,N
codfather,N
protein,N
paratha,N
everyday,N
worry,N
carraro,N
grimsby,N
different,N
montenegro,N
develop,N
medim,N
april,N
pay,N
bryony,N
bowl,N
hadddock,N
same,N
trip,N
baconnaise,N
valdobbiadene,N
lite,N
kurdyla,N
cotton,N
pal,N
isle,N
pan,N
week,N
porrelli,N
oil,N
singapore,N
arctic,N
foam,N
munch,N
peppery,N
liebfraumilch,N
wasabi,N
producers,N
carlsberg,N
fruit,N
garganega,N
delicate,N
skip,N
toamto,N
cheery,N
harrishona,N
defo,N
tradition,N
renewable,N
booster,N
omelette,N
flaked,N
munchy,N
keeping,N
niersteiner,N
bodied,N
ranch,N
snowball,N
sorrentina,N
without,N
poplar,N
bottle,N
deliever,N
papalina,N
grappa,N
vinous,N
uncomplicated,N
amazed,N
taxi,N
summer,N
icelandic,N
steamed,N
bream,N
being,N
money,N
indulge,N
pacha,N
tattie,N
rest,N
bitessausagepastieoz,N
unofficial,N
wally,N
griddle,N
reputable,N
doonner,N
invalid,N
touch,N
madness,N
barbecued,N
weekly,N
sampled,N
tonys,N
pinkish,N
dipped,N
reprocessed,N
hint,N
thinking,N
rose,N
adulterated,N
narborough,N
seems,N
except,N
improvement,N
blog,N
dipper,N
choclate,N
arancia,N
preferences,N
hind,N
coban,N
extensive,N
wincobank,N
exceeds,N
kingdom,N
anchovy,N
crusty,N
around,N
oop,N
read,N
virginia,N
mot,N
dark,N
nando,N
nanbread,N
anchovi,N
rajput,N
mon,N
mom,N
dineorder,N
using,N
rollveggie,N
accepted,N
disappointed,N
fryer,N
rear,N
rocky,N
meaning,N
clam,N
ponte,N
stranger,N
krugg,N
patrick,N
fajita,N
twin,N
leek,N
mouthwateringly,N
worthing,N
francoli,N
marlboro,N
either,N
fully,N
gladly,N
served,N
tower,N
fishfingers,N
trying,N
seating,N
ddonno,N
crafted,N
joking,N
exposed,N
boscaiola,N
ricotta,N
pickled,N
humdinger,N
cancel,N
hikarys,N
potion,N
lobster,N
kola,N
gateaux,N
intact,N
nicola,N
chewing,N
floured,N
provided,N
islington,N
slice,N
caribbean,N
confirm,N
ganache,N
highest,N
sidwell,N
sauage,N
ventilation,N
veneto,N
spotless,N
provides,N
hollinwood,N
nion,N
stopped,N
staggioni,N
refer,N
burgerswith,N
diced,N
football,N
wheat,N
crouton,N
business,N
seaham,N
equivalent,N
deliciously,N
unusual,N
miscellaneous,N
venezia,N
kyott,N
kiddney,N
kilted,N
royale,N
exciting,N
torino,N
handi,N
brighton,N
helping,N
stone,N
choc,N
fillings,N
firebird,N
tailor,N
stylish,N
island,N
industry,N
paninis,N
inviting,N
mixer,N
shrimp,N
chop,N
addition,N
greatly,N
wold,N
chow,N
mixed,N
greet,N
lasting,N
starbuck,N
road,N
rapeseed,N
teddy,N
vicar,N
cambridge,N
fundraising,N
marshmallow,N
coupon,N
garnet,N
image,N
youd,N
haddok,N
poly,N
kilometr,N
rossa,N
puddle,N
strip,N
neil,N
valuable,N
derna,N
knickerbocker,N
your,N
bon,N
fill,N
lasagna,N
her,N
area,N
hip,N
whaler,N
nescafe,N
there,N
philadelphia,N
minerally,N
bangladeshi,N
start,N
poured,N
italia,N
grated,N
lot,N
labelling,N
premis,N
bubble,N
energy,N
milkybar,N
allergic,N
bottl,N
spicy,N
pizzza,N
complete,N
musselburgh,N
fisn,N
botte,N
jun,N
capricciosa,N
jul,N
quarterpounder,N
slushy,N
soprano,N
judged,N
cottage,N
peper,N
vindaloo,N
buying,N
spice,N
strawberri,N
peckish,N
october,N
applying,N
ronaldo,N
potato,N
bucket,N
breath,N
nearest,N
strawberry,N
phil`s,N
miguel,N
jamaican,N
chipss,N
ragu,N
parsee,N
patate,N
advantage,N
agree,N
expect,N
strongly,N
toilet,N
chipsfor,N
palate,N
surperb,N
dumfri,N
johnny,N
toiler,N
taste,N
certain,N
forgot,N
moved,N
deep,N
foccacia,N
overdone,N
reliability,N
tasty,N
carved,N
harvest,N
rustica,N
bishop,N
bechamel,N
kit,N
again,N
tatti,N
ideally,N
conjuction,N
chse,N
wonford,N
puppi,N
storage,N
aromatic,N
sicilliano,N
field,N
valid,N
underwater,N
george,N
sausaage,N
you,N
tagliatelle,N
composting,N
thousand,N
docg,N
juic,N
requested,N
shaun,N
hey,N
separate,N
tarter,N
makhani,N
symbol,N
rollcurry,N
pear,N
includes,N
omlett,N
herbs,N
brandy,N
important,N
flattened,N
peak,N
serious,N
included,N
perignon,N
herby,N
provence,N
pastys,N
beauly,N
missed,N
building,N
havana,N
munro,N
jon,N
wife,N
requires,N
nettuno,N
wifi,N
regularly,N
mash,N
passed,N
nelson,N
bakedbean,N
platter,N
starting,N
original,N
millionair,N
all,N
accreditations,N
sicilian,N
forget,N
chinese,N
mozzerella,N
allergy,N
mughlai,N
monti,N
month,N
blanche,N
classy,N
foodvis,N
largeportion,N
dish,N
follow,N
allergi,N
religious,N
children,N
monty,N
liquorice,N
tiramisu,N
griffin,N
wanton,N
amanti,N
jambo,N
jamaica,N
tunacorn,N
citi,N
thursday,N
spirit,N
tain,N
tail,N
foster,N
dairy,N
stilton,N
dressing,N
total_item,N
kofta,N
homepage,N
introduc,N
olsmokey,N
carlsburg,N
premium,N
parcel,N
lincolnshire,N
egyptian,N
very,N
spumante,N
fat,N
coloured,N
vera,N
german,N
eleni,N
fan,N
chickentandoori,N
fall,N
casa,N
difference,N
andmonterey,N
condition,N
anana,N
heaven,N
washing,N
chorzio,N
penrith,N
lazio,N
angus,N
dhillon,N
list,N
manager,N
weegman,N
grandfather,N
large,N
dinosaur,N
prosciutto,N
mile,N
ridley,N
thaymar,N
small,N
farsley,N
chipolte,N
smith,N
orang,N
remained,N
califonian,N
approximately,N
tel,N
instagram,N
raita,N
tea,N
nuneaton,N
rizla,N
past,N
burger,N
zero,N
design,N
nawabi,N
flamengo,N
further,N
accompanying,N
distance,N
situated,N
shadwell,N
pinet,N
waffl,N
what,N
gourment,N
lebanese,N
sub,N
richard,N
pinterest,N
sun,N
sum,N
crust,N
peroni,N
burgundy,N
crush,N
version,N
tickl,N
sur,N
abv,N
sup,N
row,N
method,N
deborah,N
creation,N
full,N
hash,N
availablefor,N
mull,N
crudo,N
mussells,N
pompelmo,N
venice,N
vale,N
grisini,N
lack,N
beacon,N
operating,N
compressed,N
directions,N
yummy,N
november,N
strong,N
legend,N
valu,N
cheesed,N
search,N
ahead,N
lanson,N
aperitif,N
vegetarian,N
compliance,N
exceptionally,N
pellegrino,N
experience,N
exeter,N
lasagne,N
stella,N
amount,N
healthier,N
milkshake,N
social,N
action,N
luck,N
sweetness,N
uniquely,N
via,N
lambrini,N
infoboard,N
family,N
salento,N
shetland,N
tripple,N
young,N
put,N
chunky,N
send,N
famili,N
hooked,N
nathan,N
corte,N
rias,N
select,N
maria`s,N
volvic,N
conventional,N
eye,N
proceed,N
saveloy,N
parmigiano,N
charge,N
lollipop,N
rustic,N
fortune,N
fragrance,N
gorgeous,N
taken,N
eatter,N
garnish,N
scoff,N
more,N
chestnut,N
tikka,N
israel,N
caramelised,N
door,N
tikke,N
inverness,N
coating,N
company,N
spoilt,N
site,N
fussed,N
couscous,N
landed,N
moistened,N
stick,N
particular,N
known,N
mellow,N
doom,N
lemony,N
clavijo,N
town,N
grill,N
none,N
jumpzone,N
hour,N
chardonnay,N
tryyyyy,N
pollack,N
malt,N
outlin,N
knocker,N
dramatically,N
morish,N
remain,N
del,N
deborahs,N
learn,N
beefeater,N
seagull,N
dec,N
annely,N
spicyneapolitan,N
history,N
beautiful,N
potatoe,N
fishcak,N
iskender,N
salted,N
stated,N
share,N
bhaji,N
accept,N
debbi,N
winemaker,N
maguir,N
coral,N
minimum,N
salty,N
purchased,N
potatos,N
destination,N
bittersweet,N
robinson,N
inspector,N
hamburgers,N
gino,N
information,N
veuve,N
cours,N
mai,N
jerk,N
rather,N
aspley,N
stripe,N
comfort,N
utilize,N
conserve,N
peppeppep,N
menus,N
sode,N
lift,N
freshly,N
indianna,N
stir,N
cannelloni,N
fishmongers,N
upto,N
highgate,N
whopper,N
sandwich,N
resourc,N
tried,N
advice,N
signature,N
derived,N
internet,N
sheila,N
replace,N
pilic,N
disable,N
kadir,N
floor,N
coming,N
compromise,N
pat,N
authentic,N
response,N
footlong,N
sutiable,N
wareham,N
short,N
orchard,N
overnight,N
anytime,N
dragon,N
patia,N
bready,N
duice,N
halibut,N
media,N
stuffiness,N
pleasure,N
egg,N
brewdog,N
gunn,N
turmeric,N
miso,N
traceability,N
mexican,N
help,N
adjust,N
september,N
developed,N
pany,N
soon,N
limoncello,N
trade,N
disabled,N
paper,N
through,N
daniel,N
darlington,N
committed,N
smart,N
hell,N
suffer,N
avenue,N
its,N
brie,N
nutritionally,N
saucy,N
epos,N
style,N
bhajee,N
consent,N
alla,N
inca,N
scone,N
bhindi,N
sale,N
mothertown,N
bangla,N
abbey,N
actually,N
late,N
dino,N
html,N
boneless,N
pad,N
pesto,N
margarita,N
sauce,N
norfolk,N
good,N
return,N
generously,N
focus,N
entire,N
food,N
funghetto,N
hunter,N
bought,N
underground,N
startxref,N
szechuan,N
tinned,N
thornliebank,N
zinc,N
foot,N
hening,N
chiken,N
complain,N
instructions,N
stewed,N
easily,N
campuget,N
nugget,N
always,N
tear,N
piping,N
soya,N
evenings,N
compris,N
chariti,N
found,N
difficult,N
wateringly,N
tak`s,N
chipping,N
holderness,N
status,N
harm,N
everyone,N
england,N
another,N
weight,N
kamut,N
generation,N
house,N
fish,N
hard,N
positioned,N
idea,N
him,N
brother,N
domtal,N
finish,N
pralin,N
gfa,N
ripple,N
beyond,N
hartley,N
event,N
really,N
limed,N
roceno,N
flower,N
alcohol,N
suprem,N
crustacean,N
dunmurry,N
barrhead,N
since,N
eclair,N
metaballs,N
jolly,N
kofte,N
health,N
hill,N
paradise,N
caprisun,N
excellence,N
offline,N
diavolo,N
benjamin,N
bistro,N
toscana,N
definately,N
bass,N
norwich,N
pud,N
calzone,N
friday,N
toscano,N
story,N
pleasant,N
quick,N
johnnie,N
base,N
cookie,N
stainburn,N
ask,N
walley,N
oadby,N
guest,N
frm,N
torresella,N
kwenchy,N
ion,N
indulgent,N
running,N
strongbow,N
blower,N
gourmet,N
american,N
dettonford,N
kung,N
leading,N
carling,N
castle,N
blush,N
arose,N
feed,N
copper,N
major,N
valentini,N
dont,N
feel,N
mushry,N
dab,N
number,N
fancy,N
dona,N
diavola,N
thicksake,N
brave,N
done,N
calori,N
shoal,N
roti,N
miss,N
maple,N
blanc,N
pensioner,N
temperature,N
ruddington,N
oddero,N
blossom,N
totally,N
brisket,N
least,N
trend,N
stori,N
station,N
smile,N
statement,N
mama,N
master,N
scheme,N
syrup,N
banana,N
store,N
amatricciana,N
selling,N
parc,N
option,N
behind,N
jamie,N
park,N
celtic,N
rollbean,N
nch,N
part,N
thelittlechippy,N
believe,N
extravaganza,N
king,N
kind,N
grew,N
metodo,N
pescatori,N
alia,N
double,N
unmistakeable,N
dant,N
grey,N
dispensed,N
limone,N
username,N
haddock,N
greg,N
stalk,N
doubly,N
dani,N
fryit,N
puglia,N
arborio,N
inventiveness,N
toward,N
proscuitto,N
scozia,N
dried,N
fentiman,N
plump,N
coleslaw,N
outstanding,N
treble,N
fricasse,N
alongside,N
organisations,N
juicy,N
gralic,N
profiterol,N
juice,N
quattre,N
alike,N
pmm,N
tandoori,N
aged,N
philly,N
sell,N
gateau,N
sandwiched,N
bake,N
piquant,N
built,N
depending,N
birra,N
flaming,N
scotland,N
client,N
lit,N
also,N
breeze,N
lip,N
superior,N
zinpify,N
genetically,N
sherry,N
foamed,N
kendal,N
gill,N
play,N
added,N
puree,N
wholesome,N
quote,N
eater,N
twirl,N
salmon,N
fished,N
most,N
prophettech,N
angelos,N
pmsmall,N
eaten,N
kat,N
nothing,N
accepting,N
faint,N
goonline,N
extremely,N
oyster,N
$root,N
puddings,N
mineral,N
nuigget,N
mobile,N
clear,N
sometimes,N
cover,N
brule,N
ipswich,N
traditional,N
crumbed,N
lounge,N
fishbit,N
reflections,N
clean,N
bycustomers,N
aysha,N
barrel,N
latest,N
blend,N
breezer,N
methi,N
croquett,N
wholtail,N
think,N
particularly,N
channa,N
gold,N
bovril,N
blended,N
lay,N
helen,N
ciroc,N
moroccan,N
favour,N
carne,N
burrata,N
session,N
geordie,N
melt,N
carefully,N
vegetarianalso,N
fine,N
find,N
caruso,N
reminiscent,N
giant,N
montenaro,N
rocket,N
copyright,N
derry,N
billys,N
dressings,N
poppin,N
waiting,N
gooey,N
moby,N
failed,N
jazz,N
experiment,N
pretty,N
souther,N
meatilicious,N
gamberreti,N
demosite,N
beeston,N
polloe,N
donya,N
lombard,N
weve,N
hit,N
doublefilling,N
express,N
garinshed,N
grocery,N
cheaper,N
estrella,N
famous,N
cote,N
batter,N
breast,N
allergen,N
reply,N
combinations,N
during,N
garnishpancake,N
banquet,N
target,N
chargrill,N
sustainably,N
morgan,N
rebranded,N
diamond,N
crabmeat,N
nibblet,N
remove,N
bird,N
gorgie,N
caramel,N
common,N
barollo,N
pescatore,N
sustainable,N
marinad,N
river,N
relentless,N
dusting,N
restaurants,N
vini,N
sibiliana,N
delicately,N
set,N
eazy,N
vino,N
sep,N
tree,N
jade,N
delux,N
barolo,N
glengettie,N
see,N
individual,N
are,N
sea,N
tender,N
close,N
filton,N
aberdeen,N
retweet,N
barn,N
success,N
mario,N
peasare,N
oldswinford,N
creme,N
expert,N
visiting,N
distinctive,N
wow,N
currently,N
please,N
jalapeo,N
elderberry,N
won,N
various,N
wok,N
crema,N
silly,N
mouthful,N
champagne,N
conditions,N
compliment,N
meal,N
available,N
milder,N
seeded,N
rosie,N
recently,N
ancora,N
missing,N
sold,N
sole,N
july,N
spray,N
death,N
importers,N
cheeseos,N
pepsi,N
percent,N
franchise,N
mapo,N
carterdesignsleeds,N
delivering,N
poach,N
bronze,N
boti,N
both,N
last,N
rasher,N
mega,N
restaurant,N
walter,N
whitebait,N
panther,N
aloo,N
patti,N
connection,N
became,N
skimmed,N
neapolitana,N
dearden,N
drambuie,N
lash,N
banoffee,N
shortcake,N
whole,N
limeade,N
patty,N
stornoway,N
loaf,N
lupin,N
luxurious,N
point,N
simple,N
sweet,N
loan,N
pimentos,N
crispi,N
community,N
whelk,N
bonless,N
dietary,N
simply,N
chps,N
crisps,N
scottish,N
throughout,N
crispy,N
ferrero,N
bechaemel,N
fantasia,N
finally,N
devil,N
described,N
raise,N
dansak,N
stamp,N
neopoletana,N
create,N
stake,N
devic,N
due,N
dansac,N
ciabatta,N
whitchurch,N
secret,N
mozzeralla,N
ireland,N
whithcurch,N
collected,N
taminda,N
perlage,N
bubbl,N
meeting,N
crispie,N
panko,N
treatment,N
resting,N
swirl,N
assorted,N
fire,N
skinless,N
imag,N
ozprime,N
flinty,N
gatherings,N
abruzzo,N
else,N
bulldog,N
usage,N
whatever,N
katherine,N
liver,N
bhoona,N
imperiale,N
beautifully,N
funk,N
skype,N
mozarella,N
bruschetta,N
handling,N
rogan,N
look,N
frozen,N
capsicum,N
straight,N
bill,N
batch,N
sesame,N
brilliant,N
while,N
substantial,N
ribena,N
collezioni,N
shift,N
endanger,N
dominic,N
composter,N
prosuitto,N
robin,N
loop,N
pack,N
poppadom,N
real,N
detailed,N
pound,N
hexam,N
centrally,N
igt,N
backbone,N
rio,N
itself,N
greenland,N
commonly,N
triple,N
xtra,N
ready,N
michelle,N
leaving,N
concentration,N
supperett,N
cuisine,N
whichurch,N
italy,N
shaw,N
dress,N
seek,N
browni,N
butcher,N
tortillla,N
ide,N
grana,N
shire,N
grand,N
chani,N
advise,N
jerry`s,N
matusalem,N
danish,N
higher,N
development,N
compostable,N
used,N
cappucino,N
snail,N
mountain,N
bonus,N
gallery,N
dhaba,N
wilson,N
piec,N
usually,N
moment,N
strength,N
arrived,N
user,N
peachy,N
caramello,N
infused,N
dine,N
panys,N
stack,N
recent,N
canned,N
lower,N
noodle,N
finesse,N
piccante,N
makes,N
cassava,N
analysis,N
midi,N
pickl,N
person,N
chees,N
salvatore,N
hagg,N
swiss,N
moo,N
unparalleled,N
tast,N
spend,N
martell,N
preference,N
cockl,N
cous,N
soaked,N
bortolomiol,N
italiana,N
pronto,N
telegram,N
magnumml,N
pieminced,N
cheddar,N
rule,N
aroma,N
press,N
ipa,N
yrs,N
roasted,N
alternative,N
sherwood,N
prince,N
savignon,N
cuv,N
cut,N
chaat,N
vernaiolo,N
tablet,N
cup,N
palmerston,N
treacle,N
humous,N
advertisements,N
grim,N
source,N
governmental,N
grapefruit,N
location,N
javit,N
snap,N
easter,N
app,N
surprised,N
build,N
customers,N
marco,N
march,N
amended,N
maria,N
big,N
couple,N
amatriciana,N
unlimited,N
marca,N
notte,N
tabl,N
marked,N
donor,N
odd,N
herbaceous,N
movie,N
tomao,N
like,N
gallowgate,N
maybe,N
seperate,N
onion,N
semi,N
cotto,N
follows,N
message,N
kickin,N
instore,N
separately,N
collect,N
arthur,N
continue,N
bahar,N
yorker,N
vibrant,N
popular,N
softness,N
minced,N
honeycomb,N
essential,N
sgl,N
google,N
parade,N
absolutely,N
spring,N
sorbet,N
some,N
back,N
crisy,N
print,N
experienced,N
mighty,N
balmoral,N
apply,N
falafel,N
curious,N
nahiyan,N
newsletter,N
butterscotch,N
pomodoro,N
twister,N
godfather,N
delivered,N
sud,N
claw,N
tomatosugo,N
shall,N
novelty,N
integration,N
per,N
hedgeley,N
substitut,N
bravas,N
blackboard,N
saag,N
epic,N
pea,N
minimal,N
nose,N
porridge,N
marmalade,N
run,N
rum,N
brut,N
campagniola,N
mex,N
continuing,N
confidence,N
withdrawals,N
outdoor,N
panzanella,N
step,N
pimm,N
mutley,N
santa,N
friar,N
feb,N
carol,N
raspberry,N
smothered,N
intense,N
papus,N
elsaborate,N
brioche,N
panzanelle,N
ardgay,N
trebbiano,N
nova,N
range,N
ounce,N
modal,N
together,N
germany,N
complimentary,N
shiremoor,N
mascalese,N
rollos,N
seeing,N
chk,N
moss,N
plethora,N
into,N
within,N
tofu,N
cardiff,N
stroller,N
peacehaven,N
gilt,N
appropriate,N
steven,N
ensur,N
updat,N
france,N
pepperonisausage,N
fishbar,N
katie,N
smirnoff,N
impressed,N
robust,N
statistics,N
triangl,N
builder,N
spam,N
tastini,N
brim,N
placing,N
question,N
sagitta,N
fast,N
vezzola,N
silvestro,N
woppa,N
charg,N
homemade,N
forward,N
chapati,N
robusta,N
nougat,N
bud,N
cheeky,N
zealand,N
huss,N
atlantis,N
invite,N
hawaiian,N
potassium,N
paneer,N
fisha,N
muscl,N
pounder,N
guacamole,N
properly,N
link,N
apr,N
fishy,N
filed,N
upright,N
coldest,N
line,N
junior,N
chrry,N
info,N
prev,N
mauldeth,N
seton,N
consist,N
reload,N
checkout,N
rubican,N
peppermint,N
craig,N
fitter,N
cip,N
weebly,N
mature,N
doc,N
jumbo,N
fried,N
rowland,N
called,N
bell,N
dill,N
ordered,N
acidity,N
tarka,N
stripped,N
raspberryade,N
specified,N
strand,N
doesn,N
cury,N
char,N
single,N
sharing,N
chat,N
guarante,N
cafe,N
graham,N
stripper,N
cyrus,N
talisker,N
lemon,N
nepal,N
peach,N
towngate,N
chloey,N
buck,N
nan,N
bubblegum,N
garllic,N
end,N
clicking,N
arabica,N
reputation,N
functionality,N
department,N
talapia,N
mayonnaise,N
manhattan,N
mock,N
nice,N
dale,N
meall,N
cellar,N
kindo,N
mustard,N
freez,N
favourite,N
oat,N
smiley,N
papa,N
regina,N
prepared,N
regulations,N
walker,N
pampas,N
est,N
cater,N
ellis,N
enhanc,N
mintwala,N
tummy,N
ago,N
wonton,N
lane,N
land,N
wafer,N
colli,N
scotch,N
age,N
required,N
choosy,N
appreciative,N
tandoor,N
cooked,N
delta,N
presenting,N
far,N
fresh,N
nash,N
manter,N
buffalo,N
tube,N
weighty,N
once,N
monterey,N
code,N
evidence,N
ede,N
kiddy,N
munchi,N
tested,N
existing,N
enjoyable,N
bacardi,N
toggle,N
yanke,N
lend,N
chillie,N
barbecue,N
ballifield,N
shiraz,N
bordesley,N
turkish,N
peanut,N
herps,N
genovese,N
frobishers,N
gravey,N
vicenza,N
cuppa,N
shack,N
moor,N
saltfish,N
penang,N
maryland,N
include,N
friendly,N
sent,N
ingredient,N
garden,N
sausag,N
dessert,N
listed,N
continues,N
melfa,N
mare,N
wave,N
grid,N
hove,N
wisteria,N
wetherby,N
kansas,N
continued,N
minerals,N
ortolana,N
arrange,N
recip,N
bookings,N
magic,N
gainford,N
asparagus,N
array,N
having,N
michael,N
fennel,N
fewer,N
try,N
barent,N
leaning,N
javascript,N
dealt,N
businesses,N
shish,N
fudgey,N
inspection,N
rack,N
crme,N
smaller,N
sultana,N
sauted,N
caviar,N
mediterranean,N
sensation,N
crop,N
licensed,N
velvety,N
frymor,N
video,N
breadcake,N
picked,N
marinade,N
download,N
replicated,N
acid,N
click,N
newington,N
victor,N
sausage,N
tawa,N
kabil,N
unavailable,N
tarragon,N
chicago,N
giving,N
thaulero,N
supersize,N
espresso,N
garnishchinese,N
enjoyed,N
access,N
smithys,N
indian,N
capital,N
letter,N
lolly,N
scozzese,N
body,N
toast,N
rizzla,N
chose,N
rajshahi,N
leg,N
flavoured,N
iodine,N
cal,N
commercial,N
punch,N
asap,N
leo,N
desired,N
busy,N
let,N
sink,N
pancake,N
batty,N
discounted,N
goujan,N
malboro,N
shellfish,N
freshness,N
vinegar,N
great,N
purpos,N
northern,N
receive,N
involved,N
larger,N
spiced,N
alaska,N
extreme,N
caf,N
resulting,N
stater,N
veno,N
supperbattered,N
popcorn,N
mussel,N
chang,N
proof,N
chana,N
hue,N
saporita,N
composed,N
coeliac,N
apple,N
clark,N
heart,N
clare,N
win,N
liqueur,N
manage,N
clara,N
blaggis,N
private,N
mirinda,N
fruitiness,N
addressed,N
gordon,N
winery,N
duck,N
duce,N
staple,N
cloud,N
lime,N
standing,N
maturation,N
use,N
fee,N
from,N
patron,N
consumption,N
mendoza,N
hudson,N
seamless,N
flat,N
next,N
sundaes,N
few,N
capri,N
doubt,N
estimated,N
debbie,N
crab,N
humus,N
butler,N
shopfront,N
manufacturer,N
awesome,N
reformed,N
belgian,N
gril,N
charcoal,N
gabriela,N
hyderbad,N
cooke,N
rabbie,N
started,N
initial,N
columbo,N
mattar,N
popsi,N
trail,N
persistence,N
popper,N
rabbit,N
fiery,N
baby,N
central,N
masterssuperfish,N
gherkin,N
starter,N
whisky,N
customer,N
account,N
fiorucci,N
salad,N
perceiv,N
this,N
chianti,N
challenge,N
when,N
gosht,N
chaatpat,N
frizzante,N
dusted,N
anywhere,N
thin,N
skittl,N
closing,N
didnt,N
stogg,N
prune,N
nastro,N
control,N
wedge,N
reserved,N
speciality,N
thirsty,N
process,N
loch,N
slim,N
tax,N
dripping,N
boned,N
high,N
carrot,N
bene,N
something,N
tab,N
wonderful,N
perma,N
panna,N
plexigla,N
calculated,N
tak,N
lamb,N
hesitate,N
united,N
dabuzzo,N
surrounded,N
siu,N
sit,N
chicknbeef,N
mein,N
stewardship,N
merlot,N
hyde,N
located,N
clay,N
biryani,N
feta,N
castlereagh,N
instead,N
goldsmith,N
servehoizon,N
establishment,N
sin,N
limey,N
stock,N
profile,N
gluti,N
farm,N
farl,N
permarin,N
kopparberg,N
peace,N
collection,N
chive,N
firenze,N
structure,N
taco,N
cabbage,N
remembrance,N
varied,N
tomato,N
fruitshoot,N
gerkin,N
poached,N
funghi,N
bannerman,N
light,N
glenfiddich,N
rhubarb,N
arrow,N
scoop,N
caston,N
breadcrumbed,N
allow,N
takeaway,N
cusine,N
sambuca,N
garlik,N
divided,N
rocca,N
hake,N
six,N
soggy,N
thigh,N
bulkington,N
wit,N
erdington,N
portal,N
fizzy,N
meter,N
apricot,N
produced,N
whilst,N
owen,N
including,N
pine,N
tealing,N
arrangement,N
june,N
galaxy,N
bunch,N
perfect,N
bolognaise,N
burrowgate,N
gratin,N
abbazia,N
frappato,N
nearly,N
brook,N
mosnel,N
winning,N
meantime,N
codroe,N
willing,N
madra,N
choose,N
accompaniments,N
slathered,N
pensioners,N
covered,N
decad,N
holiday,N
customise,N
forest,N
dad,N
baguett,N
junction,N
animal,N
later,N
spencer,N
citrus,N
flour,N
dan,N
material,N
swordfish,N
colline,N
orderonchef,N
dock,N
spelt,N
southwick,N
ferguson,N
bio,N
mild~,N
heartier,N
day,N
daz,N
strive,N
coriander,N
wrigley,N
suppersausage,N
moistflak,N
panang,N
cacik,N
risotto,N
leed,N
chipizza,N
feast,N
celeriac,N
paoletta,N
billy,N
peking,N
betty,N
exta,N
shirt,N
accompanied,N
beneath,N
economy,N
tray,N
adventurous,N
warner,N
metr,N
beeef,N
cereal,N
bueno,N
saltys,N
dhansak,N
chunk,N
hoisin,N
bulmer,N
cheesorings,N
timely,N
jagged,N
our,N
lentil,N
artichok,N
satisfied,N
additions,N
special,N
pitta,N
category,N
sunlight,N
gavi,N
twice,N
tenderly,N
prescot,N
rossi,N
categori,N
fishmonger,N
iceland,N
waterloo,N
oriental,N
barley,N
peeling,N
appetiser,N
cause,N
reg,N
red,N
scampi,N
penmere,N
fun,N
disaronno,N
amy,N
pastieveggieburger,N
eco,N
spot,N
mississippi,N
merthyr,N
salami,N
york,N
tempt,N
early,N
philip,N
olivers,N
chilli,N
yard,N
prepare,N
napoli,N
papadum,N
could,N
gallo,N
desi,N
keep,N
hackney,N
chilly,N
length,N
birthday,N
pudding,N
lte,N
ltd,N
picpoul,N
facilitate,N
strictly,N
south,N
mad,N
advisor,N
sheesh,N
finest,N
feasty,N
twinings,N
bouquet,N
blogger,N
fleshed,N
franki,N
owned,N
echo,N
removed,N
floral,N
barr,N
submit,N
benvenuto,N
owner,N
teacake,N
imperial,N
quality,N
princ,N
sarnie,N
fella,N
otato,N
management,N
sadly,N
monkey,N
privacy,N
ordering,N
flourish,N
seabass,N
seat,N
system,N
establishments,N
their,N
granton,N
appl,N
jalfrezi,N
uwdi,N
wrapped,N
confectionery,N
pancak,N
perfectly,N
fluffy,N
low,N
britishcoast,N
kashmiri,N
malibu,N
shell,N
accompany,N
configure,N
taglietelle,N
sachet,N
carbonated,N
exactly,N
environmental,N
unsubscribe,N
ribsteak,N
reaffirm,N
elite,N
hen,N
practic,N
ipad,N
loved,N
exud,N
ben,N
holland,N
bel,N
dhania,N
embodi,N
wet,N
coast,N
shampoo,N
wibsey,N
bed,N
bee,N
bez,N
sourcing,N
lisburn,N
ferry,N
lover,N
neapolitan,N
providing,N
coronation,N
tapas,N
fermentation,N
rariti,N
collecting,N
deliveri,N
counter,N
pastiecheese,N
lightly,N
cigarett,N
hagen,N
ringer,N
horrendous,N
neep,N
recyclable,N
gentle,N
sriracha,N
halal,N
have,N
quiche,N
need,N
turn,N
widening,N
jug,N
squeezeme,N
soak,N
min,N
mia,N
barm,N
oozing,N
agency,N
able,N
lpc,N
bagel,N
mix,N
sprinkled,N
which,N
appealing,N
flouredbun,N
chicek,N
lipton,N
brand,N
rye,N
allerton,N
worldwide,N
regard,N
unless,N
kelly,N
centre,N
petrol,N
who,N
milanese,N
tandor,N
visa,N
eight,N
bolonese,N
peppered,N
awe,N
pasanda,N
pastie,N
sfc,N
chef`s,N
lee,N
consort,N
refreshing,N
nerello,N
upgrade,N
ckn,N
request,N
pieminister,N
brought,N
face,N
looked,N
ashley,N
scrambled,N
sessionstorage,N
pastri,N
nutty,N
normally,N
fact,N
napoletano,N
mocha,N
optimal,N
atmosphere,N
selection,N
jalapeos,N
bortha,N
albert,N
nutella,N
connect,N
bring,N
janter,N
discretion,N
manchester,N
postcode,N
naga,N
chicken,N
darkest,N
pleased,N
staff,N
intolerances,N
creamed,N
satay,N
based,N
knowledge,N
moet,N
holder,N
with,N
nazmas,N
winner,N
jar,N
intrigo,N
should,N
jan,N
combi,N
passsionfruit,N
sweetcorn,N
versatile,N
combo,N
blackcurrant,N
bourbon,N
local,N
hope,N
meant,N
apna,N
cube,N
handle,N
lucozade,N
stoughton,N
exceptional,N
hoegaarden,N
mainly,N
spud,N
thrived,N
overall,N
lucky,N
terrace,N
buger,N
abundance,N
bean,N
suet,N
perfection,N
champ,N
probably,N
bead,N
score,N
inchchicken,N
quiet,N
ofpepsi,N
arabiata,N
peafritter,N
contadina,N
tobacco,N
comb,N
glamorgan,N
delighted,N
newsagents,N
fridge,N
stuff,N
nutmeg,N
gram,N
gran,N
contain,N
dromara,N
grab,N
filleted,N
aperol,N
generations,N
view,N
spotted,N
europe,N
requirement,N
supperpastie,N
carnwadric,N
noodl,N
solo,N
sarbeni,N
frame,N
proprietor,N
holand,N
intensity,N
austhorpe,N
valdadige,N
powder,N
saughton,N
violet,N
ony,N
btl,N
prosecco,N
packed,N
gmail,N
mexicana,N
dungeon,N
jalandhri,N
panto,N
computer,N
harvested,N
azzuro,N
mayflower,N
meatballs,N
hoagi,N
mexicano,N
superb,N
toastie,N
rolled,N
written,N
butternut,N
closed,N
horrible,N
abernethy,N
bramble,N
grouse,N
youll,N
schwepp,N
pavarotti,N
barbeque,N
nutritious,N
zinger,N
attention,N
explosive,N
butty,N
cauliflower,N
opening,N
stew,N
mushrrom,N
deliver,N
vitamin,N
sunny,N
kicking,N
job,N
yeung,N
butti,N
key,N
heartsease,N
optional,N
faggot,N
angelo`s,N
shashlik,N
northenden,N
amatricana,N
neopolitan,N
pakrao,N
buster,N
career,N
feeley,N
taking,N
aqua,N
kolonji,N
kosher,N
etc,N
edinburgh,N
tripled,N
fritterchipsmushy,N
bristol,N
cleanest,N
puff,N
passing,N
patata,N
otherwise,N
comment,N
wale,N
gone,N
sundate,N
tuesday,N
fund,N
supreme,N
soy,N
walk,N
subscribe,N
mange,N
taylor,N
denis,N
oregano,N
table,N
donermeat,N
walnut,N
fishery,N
appreciated,N
dalmore,N
powered,N
blackcurrent,N
decent,N
balsamic,N
conjoined,N
quid,N
blushed,N
fisheri,N
seasoned,N
treat,N
warwick,N
texmex,N
kitchen,N
louisiana,N
venison,N
bbq,N
youngster,N
cipole,N
touchtakeaway,N
liverpool,N
cotta,N
doner,N
wilmslow,N
morley,N
tap,N
deboned,N
nacho,N
lge,N
veggieburger,N
orange,N
finished,N
ensuring,N
criterion,N
caprese,N
brunch,N
appetising,N
derelict,N
spain,N
carter,N
wood,N
jalepeno,N
welcoming,N
unlike,N
institution,N
plain,N
vanilla,N
dingwall,N
focaccia,N
will,N
paul,N
greco,N
eaton,N
wild,N
advisable,N
hoagie,N
larrys,N
dundee,N
sharps,N
layer,N
camden,N
kukd,N
ripe,N
almost,N
blood,N
squid,N
lush,N
thur,N
surface,N
sardin,N
hardware,N
funny,N
archiv,N
chipbarm,N
tastiest,N
ave,N
arabic,N
withdonner,N
hoggie,N
portray,N
sicillian,N
haddck,N
present,N
welcom,N
una,N
perhaps,N
parti,N
began,N
cross,N
member,N
matthew,N
touchsuccess,N
layered,N
sky,N
pannini,N
largest,N
inch,N
party,N
android,N
cream,N
contactless,N
mastercard,N
mildly,N
appetisers,N
succulent,N
ball,N
caesar,N
impeccably,N
samantha,N
drink,N
upon,N
renowned,N
coffe,N
romeo,N
bramhope,N
compared,N
colouring,N
student,N
pdf,N
infinite,N
frequently,N
schio,N
broccoli,N
expand,N
pleasantly,N
numbered,N
tyne,N
sacchetto,N
off,N
mention,N
com,N
colour,N
ingredients,N
well,N
biryanis,N
pangasius,N
prust,N
english,N
tasted,N
position,N
uno,N
caramelized,N
usual,N
load,N
beechwood,N
stout,N
sourced,N
less,N
rajma,N
montevista,N
accurate,N
grenache,N
bloomfield,N
mistaken,N
heese,N
palm,N
underlying,N
citrusy,N
fishing,N
crunchie,N
skill,N
keen,N
chipppy,N
moretti,N
celiac,N
web,N
generous,N
garnishing,N
tenner,N
wed,N
snicker,N
supply,N
logged,N
lake,N
recommending,N
discuss,N
dabruzzo,N
add,N
book,N
citizen,N
enfield,N
ayrka,N
niro,N
matched,N
accomodate,N
gute,N
match,N
saintfield,N
identical,N
crawling,N
ample,N
government,N
driver,N
wollaton,N
varieti,N
marzipan,N
crushed,N
frighteningly,N
nedo,N
achieved,N
five,N
know,N
belgium,N
immediately,N
doughnut,N
trouser,N
heating,N
accompaniment,N
crisp,N
helpful,N
excluding,N
miami,N
alternatively,N
smithy,N
karen,N
candy,N
yor,N
sized,N
edit,N
tennessee,N
grandma,N
digestives,N
trevigiani,N
chick,N
soft,N
page,N
italian,N
lager,N
exceed,N
because,N
carnbrooke,N
sundried,N
pudsey,N
smoothly,N
cider,N
twitter,N
village,N
searching,N
authority,N
tempered,N
croq,N
sunderland,N
blazing,N
recommendation,N
proper,N
home,N
vimto,N
peter,N
drizzle,N
yazoo,N
leaf,N
jalapeno,N
leak,N
lean,N
delightful,N
asthma,N
tend,N
does,N
leav,N
truffle,N
seeze,N
kiddi,N
convenient,N
castlemilk,N
pasty,N
beetroot,N
pepper,N
coated,N
slight,N
kjal,N
drift,N
uncontaminated,N
belveder,N
lighthouse,N
lisson,N
ability,N
spenchi,N
host,N
shavings,N
ladera,N
although,N
tag,N
pasta,N
kadie,N
paste,N
artois,N
superfood,N
about,N
actual,N
world,N
saddle,N
freedom,N
biscuit,N
stephenson,N
flake,N
bertrand,N
carries,N
toppings,N
blackness,N
elasticated,N
cranberry,N
desktop,N
introduced,N
update,N
additives,N
swimming,N
own,N
payment,N
clifton,N
commitment,N
parsley,N
cocoa,N
chris,N
slam,N
promise,N
basmati,N
national,N
gurnard,N
couldnt,N
quickly,N
bombay,N
smarti,N
custard,N
jubilee,N
sngle,N
bchamel,N
additional,N
vegetables,N
philosophy,N
reduction,N
awarded,N
continental,N
atkinson,N
recognised,N
inner,N
garder,N
powdered,N
drumstick,N
nacho`s,N
gut,N
lychee,N
vat,N
function,N
menta,N
buy,N
north,N
gluten,N
shank,N
arthurlie,N
bur,N
catonese,N
coke,N
noblehill,N
but,N
stopgate,N
delivery,N
chappati,N
bun,N
granny,N
beat,N
delivers,N
squeeze,N
eat,N
catcliffe,N
suppli,N
lynn,N
made,N
tossed,N
safety,N
glory,N
whether,N
wish,N
scroll,N
smooth,N
yorkie,N
souvlaki,N
warmth,N
byob,N
placed,N
below,N
empty,N
nicolson,N
cake,N
problem,N
piece,N
condiment,N
russian,N
begum,N
milkshak,N
cordial,N
irish,N
pil,N
pin,N
sirloin,N
supremo,N
reservations,N
kingsize,N
pie,N
twist,N
inn,N
marfleet,N
abbot,N
penne,N
chiptakeaway,N
ing,N
taster,N
ina,N
deeper,N
macchiato,N
fishcake,N
amaretto,N
capricosa,N
spit,N
lamole,N
variety,N
formaggio,N
dressed,N
cashew,N
oak,N
detail,N
promote,N
sponsoring,N
herbed,N
breckland,N
other,N
sandy,N
branch,N
oap,N
picchu,N
squar,N
out,N
phish,N
bonnet,N
adam,N
toasti,N
cheezy,N
xxx,N
star,N
respected,N
monday,N
draught,N
shredded,N
class,N
vega,N
cherryade,N
stay,N
breadcrumb,N
chance,N
hedg,N
ouzo,N
whitby,N
squeak,N
deffo,N
priced,N
cabernet,N
baixas,N
phosphorus,N
deluxe,N
eof,N
amp,N
tart,N
came,N
baker,N
martin,N
pilau,N
moderation,N
gelati,N
vineger,N
hiker,N
chippy,N
portion,N
picante,N
elsie,N
heidi,N
sunniside,N
baked,N
alpino,N
brinjal,N
dazs,Y
haggis,Y
bru,Y
meaty,Y
give,Y
securely,Y
kiev,Y
cucumber,Y
inferno,Y
quattro,Y
crunch,Y
irn,Y
cob,Y
smokey,Y
roe,Y
skate,Y
guava,Y
pakora,Y
balti,Y
yorkshire,Y
instantly,Y
rock,Y
pukka,Y
bolognese,Y
shot,Y
savoury,Y
pattie,Y
macaroni,Y
burdock,Y
naan,Y
parmesan,Y
splash,Y
hamburger,Y
plaice,Y
dandelion,Y
scallop,Y
rib,Y
cornish,Y
bit,Y
haagen,Y
stagioni,Y
kidney,Y
passion,Y
facebook,Y
spaghetti,Y
carbonara,Y
keema,Y
chosen,Y
samosa,Y
suey,Y
rump,Y
bull,Y
value,Y
pasti,Y
